k,pearson_r,p_value,n
0.25,0.31737357929329146,0.0,50350
0.5,0.34743882538917464,0.0,50350
0.75,0.36516419822808927,0.0,50350
1.0,0.37368800079272957,0.0,50350
1.25,0.3751121729973067,0.0,50350
1.5,0.37099956329773137,0.0,50350
1.75,0.3626722737736551,0.0,50350
2.0,0.35129573598659003,0.0,50350
2.25,0.33788808605174153,0.0,50350
2.5,0.32331674099033875,0.0,50350
2.75,0.3082954667794803,0.0,50350
